<?xml version="1.0" encoding="UTF-8"?>
<project-private xmlns="http://www.netbeans.org/ns/project-private/1">
    <editor-bookmarks xmlns="http://www.netbeans.org/ns/editor-bookmarks/2" lastBookmarkId="0"/>
    <open-files xmlns="http://www.netbeans.org/ns/projectui-open-files/2">
        <group>
            <file>file:/C:/xampp/htdocs/AdamWeckerWebsite/js/jquery.scrollTo.min.js</file>
            <file>file:/C:/xampp/htdocs/AdamWeckerWebsite/demo/demo.js</file>
            <file>file:/C:/xampp/htdocs/AdamWeckerWebsite/css/style.css</file>
            <file>file:/C:/xampp/htdocs/AdamWeckerWebsite/documentation/sifulislam.html</file>
            <file>file:/C:/xampp/htdocs/AdamWeckerWebsite/js/smoothscroll.js</file>
            <file>file:/C:/xampp/htdocs/AdamWeckerWebsite/js/jquery-migrate-1.2.1.min.js</file>
            <file>file:/C:/xampp/htdocs/AdamWeckerWebsite/js/demo.js</file>
            <file>file:/C:/xampp/htdocs/AdamWeckerWebsite/index.php</file>
            <file>file:/C:/xampp/htdocs/AdamWeckerWebsite/js/modernizr.js</file>
            <file>file:/C:/xampp/htdocs/AdamWeckerWebsite/images/bg-1.html</file>
            <file>file:/C:/xampp/htdocs/AdamWeckerWebsite/css/demo/background/image-8.html</file>
            <file>file:/C:/xampp/htdocs/AdamWeckerWebsite/demo/styleswitcher.js</file>
            <file>file:/C:/xampp/htdocs/AdamWeckerWebsite/images/bg_1.html</file>
            <file>file:/C:/xampp/htdocs/AdamWeckerWebsite/fonts/glyphicons-halflings-regular-4.html</file>
            <file>file:/C:/xampp/htdocs/AdamWeckerWebsite/documentation/assets/css/documenter_style.css</file>
            <file>file:/C:/xampp/htdocs/AdamWeckerWebsite/css/demo.css</file>
            <file>file:/C:/xampp/htdocs/AdamWeckerWebsite/fonts/glyphicons-halflings-regular-3.html</file>
            <file>file:/C:/xampp/htdocs/AdamWeckerWebsite/css/images/loading-animation.html</file>
            <file>file:/C:/xampp/htdocs/AdamWeckerWebsite/images/apple-touch-icon.html</file>
            <file>file:/C:/xampp/htdocs/AdamWeckerWebsite/js/jquery.easing.js</file>
            <file>file:/C:/xampp/htdocs/AdamWeckerWebsite/fonts/glyphicons-halflings-regular-2.html</file>
            <file>file:/C:/xampp/htdocs/AdamWeckerWebsite/css/bootstrap.min.css</file>
            <file>file:/C:/xampp/htdocs/AdamWeckerWebsite/demo/demo.css</file>
            <file>file:/C:/xampp/htdocs/AdamWeckerWebsite/js/jquery.nicescroll.min.js</file>
            <file>file:/C:/xampp/htdocs/AdamWeckerWebsite/js/jquery.1.9.1.min.js</file>
        </group>
    </open-files>
</project-private>
